"","region","state","code","park_name","type","visitors","year"
"1","PW","CA","CHIS","Channel Islands National Park","National Park",1200,1963
"2","PW","CA","CHIS","Channel Islands National Park","National Park",1500,1964
"3","PW","CA","CHIS","Channel Islands National Park","National Park",1600,1965
"4","PW","CA","CHIS","Channel Islands National Park","National Park",300,1966
"5","PW","CA","CHIS","Channel Islands National Park","National Park",15700,1967
"6","PW","CA","CHIS","Channel Islands National Park","National Park",31000,1968
"7","PW","CA","CHIS","Channel Islands National Park","National Park",33100,1969
"8","PW","CA","CHIS","Channel Islands National Park","National Park",32000,1970
"9","PW","CA","CHIS","Channel Islands National Park","National Park",24400,1971
"10","PW","CA","CHIS","Channel Islands National Park","National Park",31947,1972
"11","PW","CA","CHIS","Channel Islands National Park","National Park",44700,1973
"12","PW","CA","CHIS","Channel Islands National Park","National Park",31000,1974
"13","PW","CA","CHIS","Channel Islands National Park","National Park",74400,1975
"14","PW","CA","CHIS","Channel Islands National Park","National Park",92600,1976
"15","PW","CA","CHIS","Channel Islands National Park","National Park",87200,1977
"16","PW","CA","CHIS","Channel Islands National Park","National Park",46416,1978
"17","PW","CA","CHIS","Channel Islands National Park","National Park",82937,1979
"18","PW","CA","CHIS","Channel Islands National Park","National Park",104574,1980
"19","PW","CA","CHIS","Channel Islands National Park","National Park",87514,1981
"20","PW","CA","CHIS","Channel Islands National Park","National Park",172287,1982
"21","PW","CA","CHIS","Channel Islands National Park","National Park",205024,1983
"22","PW","CA","CHIS","Channel Islands National Park","National Park",203411,1984
"23","PW","CA","CHIS","Channel Islands National Park","National Park",164132,1985
"24","PW","CA","CHIS","Channel Islands National Park","National Park",172913,1986
"25","PW","CA","CHIS","Channel Islands National Park","National Park",174607,1987
"26","PW","CA","CHIS","Channel Islands National Park","National Park",168592,1988
"27","PW","CA","CHIS","Channel Islands National Park","National Park",152662,1989
"28","PW","CA","CHIS","Channel Islands National Park","National Park",144083,1990
"29","PW","CA","CHIS","Channel Islands National Park","National Park",149263,1991
"30","PW","CA","CHIS","Channel Islands National Park","National Park",169181,1992
"31","PW","CA","CHIS","Channel Islands National Park","National Park",184867,1993
"32","PW","CA","CHIS","Channel Islands National Park","National Park",175226,1994
"33","PW","CA","CHIS","Channel Islands National Park","National Park",525882,1995
"34","PW","CA","CHIS","Channel Islands National Park","National Park",490715,1996
"35","PW","CA","CHIS","Channel Islands National Park","National Park",488757,1997
"36","PW","CA","CHIS","Channel Islands National Park","National Park",574270,1998
"37","PW","CA","CHIS","Channel Islands National Park","National Park",607057,1999
"38","PW","CA","CHIS","Channel Islands National Park","National Park",482571,2000
"39","PW","CA","CHIS","Channel Islands National Park","National Park",520428,2001
"40","PW","CA","CHIS","Channel Islands National Park","National Park",613935,2002
"41","PW","CA","CHIS","Channel Islands National Park","National Park",585919,2003
"42","PW","CA","CHIS","Channel Islands National Park","National Park",537716,2004
"43","PW","CA","CHIS","Channel Islands National Park","National Park",434107,2005
"44","PW","CA","CHIS","Channel Islands National Park","National Park",375256,2006
"45","PW","CA","CHIS","Channel Islands National Park","National Park",360806,2007
"46","PW","CA","CHIS","Channel Islands National Park","National Park",332177,2008
"47","PW","CA","CHIS","Channel Islands National Park","National Park",348745,2009
"48","PW","CA","CHIS","Channel Islands National Park","National Park",277515,2010
"49","PW","CA","CHIS","Channel Islands National Park","National Park",242756,2011
"50","PW","CA","CHIS","Channel Islands National Park","National Park",249594,2012
"51","PW","CA","CHIS","Channel Islands National Park","National Park",212029,2013
"52","PW","CA","CHIS","Channel Islands National Park","National Park",342161,2014
"53","PW","CA","CHIS","Channel Islands National Park","National Park",324816,2015
"54","PW","CA","CHIS","Channel Islands National Park","National Park",364807,2016
"55","PW","CA","DEVA","Death Valley National Park","National Park",9970,1933
"56","PW","CA","DEVA","Death Valley National Park","National Park",19678,1934
"57","PW","CA","DEVA","Death Valley National Park","National Park",42061,1935
"58","PW","CA","DEVA","Death Valley National Park","National Park",40815,1936
"59","PW","CA","DEVA","Death Valley National Park","National Park",48874,1937
"60","PW","CA","DEVA","Death Valley National Park","National Park",58320,1938
"61","PW","CA","DEVA","Death Valley National Park","National Park",61301,1939
"62","PW","CA","DEVA","Death Valley National Park","National Park",80842,1940
"63","PW","CA","DEVA","Death Valley National Park","National Park",100829,1941
"64","PW","CA","DEVA","Death Valley National Park","National Park",44755,1942
"65","PW","CA","DEVA","Death Valley National Park","National Park",14374,1943
"66","PW","CA","DEVA","Death Valley National Park","National Park",13661,1944
"67","PW","CA","DEVA","Death Valley National Park","National Park",31112,1945
"68","PW","CA","DEVA","Death Valley National Park","National Park",100976,1946
"69","PW","CA","DEVA","Death Valley National Park","National Park",161953,1947
"70","PW","CA","DEVA","Death Valley National Park","National Park",162150,1948
"71","PW","CA","DEVA","Death Valley National Park","National Park",208557,1949
"72","PW","CA","DEVA","Death Valley National Park","National Park",189045,1950
"73","PW","CA","DEVA","Death Valley National Park","National Park",219520,1951
"74","PW","CA","DEVA","Death Valley National Park","National Park",296106,1952
"75","PW","CA","DEVA","Death Valley National Park","National Park",338899,1953
"76","PW","CA","DEVA","Death Valley National Park","National Park",337900,1954
"77","PW","CA","DEVA","Death Valley National Park","National Park",342200,1955
"78","PW","CA","DEVA","Death Valley National Park","National Park",300100,1956
"79","PW","CA","DEVA","Death Valley National Park","National Park",333400,1957
"80","PW","CA","DEVA","Death Valley National Park","National Park",334300,1958
"81","PW","CA","DEVA","Death Valley National Park","National Park",335700,1959
"82","PW","CA","DEVA","Death Valley National Park","National Park",355900,1960
"83","PW","CA","DEVA","Death Valley National Park","National Park",397900,1961
"84","PW","CA","DEVA","Death Valley National Park","National Park",363400,1962
"85","PW","CA","DEVA","Death Valley National Park","National Park",408100,1963
"86","PW","CA","DEVA","Death Valley National Park","National Park",403600,1964
"87","PW","CA","DEVA","Death Valley National Park","National Park",453000,1965
"88","PW","CA","DEVA","Death Valley National Park","National Park",437800,1966
"89","PW","CA","DEVA","Death Valley National Park","National Park",476700,1967
"90","PW","CA","DEVA","Death Valley National Park","National Park",469600,1968
"91","PW","CA","DEVA","Death Valley National Park","National Park",458800,1969
"92","PW","CA","DEVA","Death Valley National Park","National Park",580500,1970
"93","PW","CA","DEVA","Death Valley National Park","National Park",290900,1971
"94","PW","CA","DEVA","Death Valley National Park","National Park",293999,1972
"95","PW","CA","DEVA","Death Valley National Park","National Park",315400,1973
"96","PW","CA","DEVA","Death Valley National Park","National Park",368800,1974
"97","PW","CA","DEVA","Death Valley National Park","National Park",545500,1975
"98","PW","CA","DEVA","Death Valley National Park","National Park",582400,1976
"99","PW","CA","DEVA","Death Valley National Park","National Park",620400,1977
"100","PW","CA","DEVA","Death Valley National Park","National Park",673610,1978
"101","PW","CA","DEVA","Death Valley National Park","National Park",631152,1979
"102","PW","CA","DEVA","Death Valley National Park","National Park",618140,1980
"103","PW","CA","DEVA","Death Valley National Park","National Park",630402,1981
"104","PW","CA","DEVA","Death Valley National Park","National Park",679992,1982
"105","PW","CA","DEVA","Death Valley National Park","National Park",635582,1983
"106","PW","CA","DEVA","Death Valley National Park","National Park",621197,1984
"107","PW","CA","DEVA","Death Valley National Park","National Park",576679,1985
"108","PW","CA","DEVA","Death Valley National Park","National Park",586668,1986
"109","PW","CA","DEVA","Death Valley National Park","National Park",665345,1987
"110","PW","CA","DEVA","Death Valley National Park","National Park",692267,1988
"111","PW","CA","DEVA","Death Valley National Park","National Park",664449,1989
"112","PW","CA","DEVA","Death Valley National Park","National Park",690965,1990
"113","PW","CA","DEVA","Death Valley National Park","National Park",743608,1991
"114","PW","CA","DEVA","Death Valley National Park","National Park",869183,1992
"115","PW","CA","DEVA","Death Valley National Park","National Park",998474,1993
"116","PW","CA","DEVA","Death Valley National Park","National Park",971487,1994
"117","PW","CA","DEVA","Death Valley National Park","National Park",1109421,1995
"118","PW","CA","DEVA","Death Valley National Park","National Park",1189215,1996
"119","PW","CA","DEVA","Death Valley National Park","National Park",1188212,1997
"120","PW","CA","DEVA","Death Valley National Park","National Park",1177746,1998
"121","PW","CA","DEVA","Death Valley National Park","National Park",1227583,1999
"122","PW","CA","DEVA","Death Valley National Park","National Park",1179094,2000
"123","PW","CA","DEVA","Death Valley National Park","National Park",1014636,2001
"124","PW","CA","DEVA","Death Valley National Park","National Park",897596,2002
"125","PW","CA","DEVA","Death Valley National Park","National Park",890375,2003
"126","PW","CA","DEVA","Death Valley National Park","National Park",764820,2004
"127","PW","CA","DEVA","Death Valley National Park","National Park",800113,2005
"128","PW","CA","DEVA","Death Valley National Park","National Park",744440,2006
"129","PW","CA","DEVA","Death Valley National Park","National Park",704122,2007
"130","PW","CA","DEVA","Death Valley National Park","National Park",871938,2008
"131","PW","CA","DEVA","Death Valley National Park","National Park",828574,2009
"132","PW","CA","DEVA","Death Valley National Park","National Park",984775,2010
"133","PW","CA","DEVA","Death Valley National Park","National Park",946867,2011
"134","PW","CA","DEVA","Death Valley National Park","National Park",984568,2012
"135","PW","CA","DEVA","Death Valley National Park","National Park",951972,2013
"136","PW","CA","DEVA","Death Valley National Park","National Park",1101312,2014
"137","PW","CA","DEVA","Death Valley National Park","National Park",1154843,2015
"138","PW","CA","DEVA","Death Valley National Park","National Park",1296283,2016
"139","PW","CA","JOTR","Joshua Tree National Park","National Park",31285,1941
"140","PW","CA","JOTR","Joshua Tree National Park","National Park",23691,1942
"141","PW","CA","JOTR","Joshua Tree National Park","National Park",17414,1943
"142","PW","CA","JOTR","Joshua Tree National Park","National Park",7640,1944
"143","PW","CA","JOTR","Joshua Tree National Park","National Park",18275,1945
"144","PW","CA","JOTR","Joshua Tree National Park","National Park",36605,1946
"145","PW","CA","JOTR","Joshua Tree National Park","National Park",57801,1947
"146","PW","CA","JOTR","Joshua Tree National Park","National Park",59157,1948
"147","PW","CA","JOTR","Joshua Tree National Park","National Park",66991,1949
"148","PW","CA","JOTR","Joshua Tree National Park","National Park",79129,1950
"149","PW","CA","JOTR","Joshua Tree National Park","National Park",93615,1951
"150","PW","CA","JOTR","Joshua Tree National Park","National Park",141416,1952
"151","PW","CA","JOTR","Joshua Tree National Park","National Park",172423,1953
"152","PW","CA","JOTR","Joshua Tree National Park","National Park",260700,1954
"153","PW","CA","JOTR","Joshua Tree National Park","National Park",280600,1955
"154","PW","CA","JOTR","Joshua Tree National Park","National Park",312900,1956
"155","PW","CA","JOTR","Joshua Tree National Park","National Park",320300,1957
"156","PW","CA","JOTR","Joshua Tree National Park","National Park",365300,1958
"157","PW","CA","JOTR","Joshua Tree National Park","National Park",299600,1959
"158","PW","CA","JOTR","Joshua Tree National Park","National Park",320100,1960
"159","PW","CA","JOTR","Joshua Tree National Park","National Park",301500,1961
"160","PW","CA","JOTR","Joshua Tree National Park","National Park",331500,1962
"161","PW","CA","JOTR","Joshua Tree National Park","National Park",346300,1963
"162","PW","CA","JOTR","Joshua Tree National Park","National Park",343400,1964
"163","PW","CA","JOTR","Joshua Tree National Park","National Park",336000,1965
"164","PW","CA","JOTR","Joshua Tree National Park","National Park",408600,1966
"165","PW","CA","JOTR","Joshua Tree National Park","National Park",416500,1967
"166","PW","CA","JOTR","Joshua Tree National Park","National Park",489400,1968
"167","PW","CA","JOTR","Joshua Tree National Park","National Park",550300,1969
"168","PW","CA","JOTR","Joshua Tree National Park","National Park",643000,1970
"169","PW","CA","JOTR","Joshua Tree National Park","National Park",576000,1971
"170","PW","CA","JOTR","Joshua Tree National Park","National Park",602752,1972
"171","PW","CA","JOTR","Joshua Tree National Park","National Park",589600,1973
"172","PW","CA","JOTR","Joshua Tree National Park","National Park",509900,1974
"173","PW","CA","JOTR","Joshua Tree National Park","National Park",552200,1975
"174","PW","CA","JOTR","Joshua Tree National Park","National Park",728900,1976
"175","PW","CA","JOTR","Joshua Tree National Park","National Park",745600,1977
"176","PW","CA","JOTR","Joshua Tree National Park","National Park",602453,1978
"177","PW","CA","JOTR","Joshua Tree National Park","National Park",590543,1979
"178","PW","CA","JOTR","Joshua Tree National Park","National Park",545357,1980
"179","PW","CA","JOTR","Joshua Tree National Park","National Park",612966,1981
"180","PW","CA","JOTR","Joshua Tree National Park","National Park",673201,1982
"181","PW","CA","JOTR","Joshua Tree National Park","National Park",671426,1983
"182","PW","CA","JOTR","Joshua Tree National Park","National Park",663798,1984
"183","PW","CA","JOTR","Joshua Tree National Park","National Park",641172,1985
"184","PW","CA","JOTR","Joshua Tree National Park","National Park",783224,1986
"185","PW","CA","JOTR","Joshua Tree National Park","National Park",830085,1987
"186","PW","CA","JOTR","Joshua Tree National Park","National Park",955246,1988
"187","PW","CA","JOTR","Joshua Tree National Park","National Park",990214,1989
"188","PW","CA","JOTR","Joshua Tree National Park","National Park",1022396,1990
"189","PW","CA","JOTR","Joshua Tree National Park","National Park",1145458,1991
"190","PW","CA","JOTR","Joshua Tree National Park","National Park",1220539,1992
"191","PW","CA","JOTR","Joshua Tree National Park","National Park",1252401,1993
"192","PW","CA","JOTR","Joshua Tree National Park","National Park",1184871,1994
"193","PW","CA","JOTR","Joshua Tree National Park","National Park",1235702,1995
"194","PW","CA","JOTR","Joshua Tree National Park","National Park",1095046,1996
"195","PW","CA","JOTR","Joshua Tree National Park","National Park",1226273,1997
"196","PW","CA","JOTR","Joshua Tree National Park","National Park",1410312,1998
"197","PW","CA","JOTR","Joshua Tree National Park","National Park",1316340,1999
"198","PW","CA","JOTR","Joshua Tree National Park","National Park",1233935,2000
"199","PW","CA","JOTR","Joshua Tree National Park","National Park",1280917,2001
"200","PW","CA","JOTR","Joshua Tree National Park","National Park",1178376,2002
"201","PW","CA","JOTR","Joshua Tree National Park","National Park",1283346,2003
"202","PW","CA","JOTR","Joshua Tree National Park","National Park",1243659,2004
"203","PW","CA","JOTR","Joshua Tree National Park","National Park",1375111,2005
"204","PW","CA","JOTR","Joshua Tree National Park","National Park",1256421,2006
"205","PW","CA","JOTR","Joshua Tree National Park","National Park",1298979,2007
"206","PW","CA","JOTR","Joshua Tree National Park","National Park",1392446,2008
"207","PW","CA","JOTR","Joshua Tree National Park","National Park",1304471,2009
"208","PW","CA","JOTR","Joshua Tree National Park","National Park",1434976,2010
"209","PW","CA","JOTR","Joshua Tree National Park","National Park",1396237,2011
"210","PW","CA","JOTR","Joshua Tree National Park","National Park",1396117,2012
"211","PW","CA","JOTR","Joshua Tree National Park","National Park",1383340,2013
"212","PW","CA","JOTR","Joshua Tree National Park","National Park",1589904,2014
"213","PW","CA","JOTR","Joshua Tree National Park","National Park",2025756,2015
"214","PW","CA","JOTR","Joshua Tree National Park","National Park",2505286,2016
"215","PW","CA","KICA","Kings Canyon National Park","National Park",1000,1904
"216","PW","CA","KICA","Kings Canyon National Park","National Park",1000,1905
"217","PW","CA","KICA","Kings Canyon National Park","National Park",900,1906
"218","PW","CA","KICA","Kings Canyon National Park","National Park",1100,1907
"219","PW","CA","KICA","Kings Canyon National Park","National Park",1773,1908
"220","PW","CA","KICA","Kings Canyon National Park","National Park",798,1909
"221","PW","CA","KICA","Kings Canyon National Park","National Park",1178,1910
"222","PW","CA","KICA","Kings Canyon National Park","National Park",2160,1911
"223","PW","CA","KICA","Kings Canyon National Park","National Park",2240,1912
"224","PW","CA","KICA","Kings Canyon National Park","National Park",2756,1913
"225","PW","CA","KICA","Kings Canyon National Park","National Park",3735,1914
"226","PW","CA","KICA","Kings Canyon National Park","National Park",10523,1915
"227","PW","CA","KICA","Kings Canyon National Park","National Park",15360,1916
"228","PW","CA","KICA","Kings Canyon National Park","National Park",17390,1917
"229","PW","CA","KICA","Kings Canyon National Park","National Park",15496,1918
"230","PW","CA","KICA","Kings Canyon National Park","National Park",21574,1919
"231","PW","CA","KICA","Kings Canyon National Park","National Park",19661,1920
"232","PW","CA","KICA","Kings Canyon National Park","National Park",30312,1921
"233","PW","CA","KICA","Kings Canyon National Park","National Park",50456,1922
"234","PW","CA","KICA","Kings Canyon National Park","National Park",46230,1923
"235","PW","CA","KICA","Kings Canyon National Park","National Park",35020,1924
"236","PW","CA","KICA","Kings Canyon National Park","National Park",40517,1925
"237","PW","CA","KICA","Kings Canyon National Park","National Park",50597,1926
"238","PW","CA","KICA","Kings Canyon National Park","National Park",47996,1927
"239","PW","CA","KICA","Kings Canyon National Park","National Park",51988,1928
"240","PW","CA","KICA","Kings Canyon National Park","National Park",44783,1929
"241","PW","CA","KICA","Kings Canyon National Park","National Park",43547,1930
"242","PW","CA","KICA","Kings Canyon National Park","National Park",51995,1931
"243","PW","CA","KICA","Kings Canyon National Park","National Park",40806,1932
"244","PW","CA","KICA","Kings Canyon National Park","National Park",50081,1933
"245","PW","CA","KICA","Kings Canyon National Park","National Park",66024,1934
"246","PW","CA","KICA","Kings Canyon National Park","National Park",116739,1935
"247","PW","CA","KICA","Kings Canyon National Park","National Park",148568,1936
"248","PW","CA","KICA","Kings Canyon National Park","National Park",157810,1937
"249","PW","CA","KICA","Kings Canyon National Park","National Park",148116,1938
"250","PW","CA","KICA","Kings Canyon National Park","National Park",161080,1939
"251","PW","CA","KICA","Kings Canyon National Park","National Park",201545,1940
"252","PW","CA","KICA","Kings Canyon National Park","National Park",173587,1941
"253","PW","CA","KICA","Kings Canyon National Park","National Park",97745,1942
"254","PW","CA","KICA","Kings Canyon National Park","National Park",60651,1943
"255","PW","CA","KICA","Kings Canyon National Park","National Park",35203,1944
"256","PW","CA","KICA","Kings Canyon National Park","National Park",82442,1945
"257","PW","CA","KICA","Kings Canyon National Park","National Park",221990,1946
"258","PW","CA","KICA","Kings Canyon National Park","National Park",236687,1947
"259","PW","CA","KICA","Kings Canyon National Park","National Park",279231,1948
"260","PW","CA","KICA","Kings Canyon National Park","National Park",294021,1949
"261","PW","CA","KICA","Kings Canyon National Park","National Park",337840,1950
"262","PW","CA","KICA","Kings Canyon National Park","National Park",450031,1951
"263","PW","CA","KICA","Kings Canyon National Park","National Park",448156,1952
"264","PW","CA","KICA","Kings Canyon National Park","National Park",435548,1953
"265","PW","CA","KICA","Kings Canyon National Park","National Park",551500,1954
"266","PW","CA","KICA","Kings Canyon National Park","National Park",556100,1955
"267","PW","CA","KICA","Kings Canyon National Park","National Park",669800,1956
"268","PW","CA","KICA","Kings Canyon National Park","National Park",638500,1957
"269","PW","CA","KICA","Kings Canyon National Park","National Park",683900,1958
"270","PW","CA","KICA","Kings Canyon National Park","National Park",718500,1959
"271","PW","CA","KICA","Kings Canyon National Park","National Park",759800,1960
"272","PW","CA","KICA","Kings Canyon National Park","National Park",748600,1961
"273","PW","CA","KICA","Kings Canyon National Park","National Park",826100,1962
"274","PW","CA","KICA","Kings Canyon National Park","National Park",778600,1963
"275","PW","CA","KICA","Kings Canyon National Park","National Park",831600,1964
"276","PW","CA","KICA","Kings Canyon National Park","National Park",848900,1965
"277","PW","CA","KICA","Kings Canyon National Park","National Park",923400,1966
"278","PW","CA","KICA","Kings Canyon National Park","National Park",909900,1967
"279","PW","CA","KICA","Kings Canyon National Park","National Park",1064000,1968
"280","PW","CA","KICA","Kings Canyon National Park","National Park",946000,1969
"281","PW","CA","KICA","Kings Canyon National Park","National Park",1019000,1970
"282","PW","CA","KICA","Kings Canyon National Park","National Park",887000,1971
"283","PW","CA","KICA","Kings Canyon National Park","National Park",1051755,1972
"284","PW","CA","KICA","Kings Canyon National Park","National Park",899300,1973
"285","PW","CA","KICA","Kings Canyon National Park","National Park",1216800,1974
"286","PW","CA","KICA","Kings Canyon National Park","National Park",1031500,1975
"287","PW","CA","KICA","Kings Canyon National Park","National Park",1127900,1976
"288","PW","CA","KICA","Kings Canyon National Park","National Park",1041000,1977
"289","PW","CA","KICA","Kings Canyon National Park","National Park",864733,1978
"290","PW","CA","KICA","Kings Canyon National Park","National Park",804175,1979
"291","PW","CA","KICA","Kings Canyon National Park","National Park",819065,1980
"292","PW","CA","KICA","Kings Canyon National Park","National Park",776850,1981
"293","PW","CA","KICA","Kings Canyon National Park","National Park",831044,1982
"294","PW","CA","KICA","Kings Canyon National Park","National Park",765755,1983
"295","PW","CA","KICA","Kings Canyon National Park","National Park",937262,1984
"296","PW","CA","KICA","Kings Canyon National Park","National Park",874456,1985
"297","PW","CA","KICA","Kings Canyon National Park","National Park",1028785,1986
"298","PW","CA","KICA","Kings Canyon National Park","National Park",1081172,1987
"299","PW","CA","KICA","Kings Canyon National Park","National Park",1007695,1988
"300","PW","CA","KICA","Kings Canyon National Park","National Park",1037349,1989
"301","PW","CA","KICA","Kings Canyon National Park","National Park",1062867,1990
"302","PW","CA","KICA","Kings Canyon National Park","National Park",1071022,1991
"303","PW","CA","KICA","Kings Canyon National Park","National Park",637446,1992
"304","PW","CA","KICA","Kings Canyon National Park","National Park",636515,1993
"305","PW","CA","KICA","Kings Canyon National Park","National Park",725930,1994
"306","PW","CA","KICA","Kings Canyon National Park","National Park",832794,1995
"307","PW","CA","KICA","Kings Canyon National Park","National Park",502749,1996
"308","PW","CA","KICA","Kings Canyon National Park","National Park",484718,1997
"309","PW","CA","KICA","Kings Canyon National Park","National Park",540212,1998
"310","PW","CA","KICA","Kings Canyon National Park","National Park",559534,1999
"311","PW","CA","KICA","Kings Canyon National Park","National Park",528987,2000
"312","PW","CA","KICA","Kings Canyon National Park","National Park",541787,2001
"313","PW","CA","KICA","Kings Canyon National Park","National Park",545420,2002
"314","PW","CA","KICA","Kings Canyon National Park","National Park",555987,2003
"315","PW","CA","KICA","Kings Canyon National Park","National Park",525035,2004
"316","PW","CA","KICA","Kings Canyon National Park","National Park",594893,2005
"317","PW","CA","KICA","Kings Canyon National Park","National Park",552766,2006
"318","PW","CA","KICA","Kings Canyon National Park","National Park",580129,2007
"319","PW","CA","KICA","Kings Canyon National Park","National Park",574870,2008
"320","PW","CA","KICA","Kings Canyon National Park","National Park",609296,2009
"321","PW","CA","KICA","Kings Canyon National Park","National Park",598205,2010
"322","PW","CA","KICA","Kings Canyon National Park","National Park",566810,2011
"323","PW","CA","KICA","Kings Canyon National Park","National Park",591033,2012
"324","PW","CA","KICA","Kings Canyon National Park","National Park",567544,2013
"325","PW","CA","KICA","Kings Canyon National Park","National Park",502268,2014
"326","PW","CA","KICA","Kings Canyon National Park","National Park",468106,2015
"327","PW","CA","KICA","Kings Canyon National Park","National Park",607479,2016
"328","PW","CA","LAVO","Lassen Volcanic National Park","National Park",8500,1917
"329","PW","CA","LAVO","Lassen Volcanic National Park","National Park",2000,1918
"330","PW","CA","LAVO","Lassen Volcanic National Park","National Park",2500,1919
"331","PW","CA","LAVO","Lassen Volcanic National Park","National Park",2000,1920
"332","PW","CA","LAVO","Lassen Volcanic National Park","National Park",10000,1921
"333","PW","CA","LAVO","Lassen Volcanic National Park","National Park",10000,1922
"334","PW","CA","LAVO","Lassen Volcanic National Park","National Park",9500,1923
"335","PW","CA","LAVO","Lassen Volcanic National Park","National Park",12500,1924
"336","PW","CA","LAVO","Lassen Volcanic National Park","National Park",12596,1925
"337","PW","CA","LAVO","Lassen Volcanic National Park","National Park",18739,1926
"338","PW","CA","LAVO","Lassen Volcanic National Park","National Park",20089,1927
"339","PW","CA","LAVO","Lassen Volcanic National Park","National Park",26057,1928
"340","PW","CA","LAVO","Lassen Volcanic National Park","National Park",26106,1929
"341","PW","CA","LAVO","Lassen Volcanic National Park","National Park",31755,1930
"342","PW","CA","LAVO","Lassen Volcanic National Park","National Park",56833,1931
"343","PW","CA","LAVO","Lassen Volcanic National Park","National Park",41723,1932
"344","PW","CA","LAVO","Lassen Volcanic National Park","National Park",45577,1933
"345","PW","CA","LAVO","Lassen Volcanic National Park","National Park",51906,1934
"346","PW","CA","LAVO","Lassen Volcanic National Park","National Park",52294,1935
"347","PW","CA","LAVO","Lassen Volcanic National Park","National Park",76971,1936
"348","PW","CA","LAVO","Lassen Volcanic National Park","National Park",86757,1937
"349","PW","CA","LAVO","Lassen Volcanic National Park","National Park",73005,1938
"350","PW","CA","LAVO","Lassen Volcanic National Park","National Park",100880,1939
"351","PW","CA","LAVO","Lassen Volcanic National Park","National Park",104619,1940
"352","PW","CA","LAVO","Lassen Volcanic National Park","National Park",109272,1941
"353","PW","CA","LAVO","Lassen Volcanic National Park","National Park",48144,1942
"354","PW","CA","LAVO","Lassen Volcanic National Park","National Park",18971,1943
"355","PW","CA","LAVO","Lassen Volcanic National Park","National Park",19060,1944
"356","PW","CA","LAVO","Lassen Volcanic National Park","National Park",45225,1945
"357","PW","CA","LAVO","Lassen Volcanic National Park","National Park",99067,1946
"358","PW","CA","LAVO","Lassen Volcanic National Park","National Park",149848,1947
"359","PW","CA","LAVO","Lassen Volcanic National Park","National Park",160707,1948
"360","PW","CA","LAVO","Lassen Volcanic National Park","National Park",172496,1949
"361","PW","CA","LAVO","Lassen Volcanic National Park","National Park",183815,1950
"362","PW","CA","LAVO","Lassen Volcanic National Park","National Park",203609,1951
"363","PW","CA","LAVO","Lassen Volcanic National Park","National Park",212550,1952
"364","PW","CA","LAVO","Lassen Volcanic National Park","National Park",225328,1953
"365","PW","CA","LAVO","Lassen Volcanic National Park","National Park",282400,1954
"366","PW","CA","LAVO","Lassen Volcanic National Park","National Park",304400,1955
"367","PW","CA","LAVO","Lassen Volcanic National Park","National Park",303800,1956
"368","PW","CA","LAVO","Lassen Volcanic National Park","National Park",327300,1957
"369","PW","CA","LAVO","Lassen Volcanic National Park","National Park",346700,1958
"370","PW","CA","LAVO","Lassen Volcanic National Park","National Park",379900,1959
"371","PW","CA","LAVO","Lassen Volcanic National Park","National Park",401800,1960
"372","PW","CA","LAVO","Lassen Volcanic National Park","National Park",460000,1961
"373","PW","CA","LAVO","Lassen Volcanic National Park","National Park",399000,1962
"374","PW","CA","LAVO","Lassen Volcanic National Park","National Park",369300,1963
"375","PW","CA","LAVO","Lassen Volcanic National Park","National Park",407700,1964
"376","PW","CA","LAVO","Lassen Volcanic National Park","National Park",400300,1965
"377","PW","CA","LAVO","Lassen Volcanic National Park","National Park",462500,1966
"378","PW","CA","LAVO","Lassen Volcanic National Park","National Park",358300,1967
"379","PW","CA","LAVO","Lassen Volcanic National Park","National Park",442800,1968
"380","PW","CA","LAVO","Lassen Volcanic National Park","National Park",435700,1969
"381","PW","CA","LAVO","Lassen Volcanic National Park","National Park",466600,1970
"382","PW","CA","LAVO","Lassen Volcanic National Park","National Park",447400,1971
"383","PW","CA","LAVO","Lassen Volcanic National Park","National Park",504641,1972
"384","PW","CA","LAVO","Lassen Volcanic National Park","National Park",496200,1973
"385","PW","CA","LAVO","Lassen Volcanic National Park","National Park",408700,1974
"386","PW","CA","LAVO","Lassen Volcanic National Park","National Park",444500,1975
"387","PW","CA","LAVO","Lassen Volcanic National Park","National Park",461400,1976
"388","PW","CA","LAVO","Lassen Volcanic National Park","National Park",381200,1977
"389","PW","CA","LAVO","Lassen Volcanic National Park","National Park",442192,1978
"390","PW","CA","LAVO","Lassen Volcanic National Park","National Park",380014,1979
"391","PW","CA","LAVO","Lassen Volcanic National Park","National Park",394425,1980
"392","PW","CA","LAVO","Lassen Volcanic National Park","National Park",415045,1981
"393","PW","CA","LAVO","Lassen Volcanic National Park","National Park",414859,1982
"394","PW","CA","LAVO","Lassen Volcanic National Park","National Park",429867,1983
"395","PW","CA","LAVO","Lassen Volcanic National Park","National Park",463275,1984
"396","PW","CA","LAVO","Lassen Volcanic National Park","National Park",451497,1985
"397","PW","CA","LAVO","Lassen Volcanic National Park","National Park",439723,1986
"398","PW","CA","LAVO","Lassen Volcanic National Park","National Park",472431,1987
"399","PW","CA","LAVO","Lassen Volcanic National Park","National Park",495628,1988
"400","PW","CA","LAVO","Lassen Volcanic National Park","National Park",466115,1989
"401","PW","CA","LAVO","Lassen Volcanic National Park","National Park",460917,1990
"402","PW","CA","LAVO","Lassen Volcanic National Park","National Park",463179,1991
"403","PW","CA","LAVO","Lassen Volcanic National Park","National Park",468011,1992
"404","PW","CA","LAVO","Lassen Volcanic National Park","National Park",434264,1993
"405","PW","CA","LAVO","Lassen Volcanic National Park","National Park",385489,1994
"406","PW","CA","LAVO","Lassen Volcanic National Park","National Park",351001,1995
"407","PW","CA","LAVO","Lassen Volcanic National Park","National Park",351632,1996
"408","PW","CA","LAVO","Lassen Volcanic National Park","National Park",391816,1997
"409","PW","CA","LAVO","Lassen Volcanic National Park","National Park",318049,1998
"410","PW","CA","LAVO","Lassen Volcanic National Park","National Park",353756,1999
"411","PW","CA","LAVO","Lassen Volcanic National Park","National Park",374911,2000
"412","PW","CA","LAVO","Lassen Volcanic National Park","National Park",376695,2001
"413","PW","CA","LAVO","Lassen Volcanic National Park","National Park",388149,2002
"414","PW","CA","LAVO","Lassen Volcanic National Park","National Park",404384,2003
"415","PW","CA","LAVO","Lassen Volcanic National Park","National Park",379667,2004
"416","PW","CA","LAVO","Lassen Volcanic National Park","National Park",365535,2005
"417","PW","CA","LAVO","Lassen Volcanic National Park","National Park",388741,2006
"418","PW","CA","LAVO","Lassen Volcanic National Park","National Park",395057,2007
"419","PW","CA","LAVO","Lassen Volcanic National Park","National Park",377361,2008
"420","PW","CA","LAVO","Lassen Volcanic National Park","National Park",365639,2009
"421","PW","CA","LAVO","Lassen Volcanic National Park","National Park",384570,2010
"422","PW","CA","LAVO","Lassen Volcanic National Park","National Park",351269,2011
"423","PW","CA","LAVO","Lassen Volcanic National Park","National Park",407653,2012
"424","PW","CA","LAVO","Lassen Volcanic National Park","National Park",427409,2013
"425","PW","CA","LAVO","Lassen Volcanic National Park","National Park",432977,2014
"426","PW","CA","LAVO","Lassen Volcanic National Park","National Park",468092,2015
"427","PW","CA","LAVO","Lassen Volcanic National Park","National Park",536068,2016
"428","PW","CA","PINN","Pinnacles National Park","National Park",6500,1923
"429","PW","CA","PINN","Pinnacles National Park","National Park",8973,1924
"430","PW","CA","PINN","Pinnacles National Park","National Park",10000,1925
"431","PW","CA","PINN","Pinnacles National Park","National Park",10167,1926
"432","PW","CA","PINN","Pinnacles National Park","National Park",11265,1927
"433","PW","CA","PINN","Pinnacles National Park","National Park",13216,1928
"434","PW","CA","PINN","Pinnacles National Park","National Park",10756,1929
"435","PW","CA","PINN","Pinnacles National Park","National Park",11862,1930
"436","PW","CA","PINN","Pinnacles National Park","National Park",12813,1931
"437","PW","CA","PINN","Pinnacles National Park","National Park",14238,1932
"438","PW","CA","PINN","Pinnacles National Park","National Park",9957,1933
"439","PW","CA","PINN","Pinnacles National Park","National Park",20129,1934
"440","PW","CA","PINN","Pinnacles National Park","National Park",17872,1935
"441","PW","CA","PINN","Pinnacles National Park","National Park",18614,1936
"442","PW","CA","PINN","Pinnacles National Park","National Park",22426,1937
"443","PW","CA","PINN","Pinnacles National Park","National Park",22266,1938
"444","PW","CA","PINN","Pinnacles National Park","National Park",24717,1939
"445","PW","CA","PINN","Pinnacles National Park","National Park",25068,1940
"446","PW","CA","PINN","Pinnacles National Park","National Park",27131,1941
"447","PW","CA","PINN","Pinnacles National Park","National Park",10311,1942
"448","PW","CA","PINN","Pinnacles National Park","National Park",4570,1943
"449","PW","CA","PINN","Pinnacles National Park","National Park",3845,1944
"450","PW","CA","PINN","Pinnacles National Park","National Park",7494,1945
"451","PW","CA","PINN","Pinnacles National Park","National Park",16298,1946
"452","PW","CA","PINN","Pinnacles National Park","National Park",18328,1947
"453","PW","CA","PINN","Pinnacles National Park","National Park",20331,1948
"454","PW","CA","PINN","Pinnacles National Park","National Park",24557,1949
"455","PW","CA","PINN","Pinnacles National Park","National Park",24814,1950
"456","PW","CA","PINN","Pinnacles National Park","National Park",27090,1951
"457","PW","CA","PINN","Pinnacles National Park","National Park",28236,1952
"458","PW","CA","PINN","Pinnacles National Park","National Park",42199,1953
"459","PW","CA","PINN","Pinnacles National Park","National Park",38300,1954
"460","PW","CA","PINN","Pinnacles National Park","National Park",36500,1955
"461","PW","CA","PINN","Pinnacles National Park","National Park",40300,1956
"462","PW","CA","PINN","Pinnacles National Park","National Park",53200,1957
"463","PW","CA","PINN","Pinnacles National Park","National Park",54900,1958
"464","PW","CA","PINN","Pinnacles National Park","National Park",71400,1959
"465","PW","CA","PINN","Pinnacles National Park","National Park",72000,1960
"466","PW","CA","PINN","Pinnacles National Park","National Park",76900,1961
"467","PW","CA","PINN","Pinnacles National Park","National Park",81500,1962
"468","PW","CA","PINN","Pinnacles National Park","National Park",97000,1963
"469","PW","CA","PINN","Pinnacles National Park","National Park",103200,1964
"470","PW","CA","PINN","Pinnacles National Park","National Park",118000,1965
"471","PW","CA","PINN","Pinnacles National Park","National Park",117900,1966
"472","PW","CA","PINN","Pinnacles National Park","National Park",160600,1967
"473","PW","CA","PINN","Pinnacles National Park","National Park",147000,1968
"474","PW","CA","PINN","Pinnacles National Park","National Park",147000,1969
"475","PW","CA","PINN","Pinnacles National Park","National Park",166200,1970
"476","PW","CA","PINN","Pinnacles National Park","National Park",169200,1971
"477","PW","CA","PINN","Pinnacles National Park","National Park",168896,1972
"478","PW","CA","PINN","Pinnacles National Park","National Park",155500,1973
"479","PW","CA","PINN","Pinnacles National Park","National Park",138500,1974
"480","PW","CA","PINN","Pinnacles National Park","National Park",162200,1975
"481","PW","CA","PINN","Pinnacles National Park","National Park",156900,1976
"482","PW","CA","PINN","Pinnacles National Park","National Park",160500,1977
"483","PW","CA","PINN","Pinnacles National Park","National Park",155822,1978
"484","PW","CA","PINN","Pinnacles National Park","National Park",153717,1979
"485","PW","CA","PINN","Pinnacles National Park","National Park",163626,1980
"486","PW","CA","PINN","Pinnacles National Park","National Park",155205,1981
"487","PW","CA","PINN","Pinnacles National Park","National Park",171026,1982
"488","PW","CA","PINN","Pinnacles National Park","National Park",170631,1983
"489","PW","CA","PINN","Pinnacles National Park","National Park",166258,1984
"490","PW","CA","PINN","Pinnacles National Park","National Park",191578,1985
"491","PW","CA","PINN","Pinnacles National Park","National Park",198236,1986
"492","PW","CA","PINN","Pinnacles National Park","National Park",204705,1987
"493","PW","CA","PINN","Pinnacles National Park","National Park",212094,1988
"494","PW","CA","PINN","Pinnacles National Park","National Park",218601,1989
"495","PW","CA","PINN","Pinnacles National Park","National Park",214268,1990
"496","PW","CA","PINN","Pinnacles National Park","National Park",192610,1991
"497","PW","CA","PINN","Pinnacles National Park","National Park",191683,1992
"498","PW","CA","PINN","Pinnacles National Park","National Park",194757,1993
"499","PW","CA","PINN","Pinnacles National Park","National Park",172642,1994
"500","PW","CA","PINN","Pinnacles National Park","National Park",177527,1995
"501","PW","CA","PINN","Pinnacles National Park","National Park",164465,1996
"502","PW","CA","PINN","Pinnacles National Park","National Park",171971,1997
"503","PW","CA","PINN","Pinnacles National Park","National Park",94639,1998
"504","PW","CA","PINN","Pinnacles National Park","National Park",164854,1999
"505","PW","CA","PINN","Pinnacles National Park","National Park",162110,2000
"506","PW","CA","PINN","Pinnacles National Park","National Park",178243,2001
"507","PW","CA","PINN","Pinnacles National Park","National Park",162266,2002
"508","PW","CA","PINN","Pinnacles National Park","National Park",162791,2003
"509","PW","CA","PINN","Pinnacles National Park","National Park",157397,2004
"510","PW","CA","PINN","Pinnacles National Park","National Park",170994,2005
"511","PW","CA","PINN","Pinnacles National Park","National Park",158824,2006
"512","PW","CA","PINN","Pinnacles National Park","National Park",161019,2007
"513","PW","CA","PINN","Pinnacles National Park","National Park",166988,2008
"514","PW","CA","PINN","Pinnacles National Park","National Park",171112,2009
"515","PW","CA","PINN","Pinnacles National Park","National Park",246575,2010
"516","PW","CA","PINN","Pinnacles National Park","National Park",393219,2011
"517","PW","CA","PINN","Pinnacles National Park","National Park",224476,2012
"518","PW","CA","PINN","Pinnacles National Park","National Park",237677,2013
"519","PW","CA","PINN","Pinnacles National Park","National Park",196635,2014
"520","PW","CA","PINN","Pinnacles National Park","National Park",206533,2015
"521","PW","CA","PINN","Pinnacles National Park","National Park",215555,2016
"522","PW","CA","REDW","Redwood National Park","National Park",34500,1971
"523","PW","CA","REDW","Redwood National Park","National Park",104304,1972
"524","PW","CA","REDW","Redwood National Park","National Park",210500,1973
"525","PW","CA","REDW","Redwood National Park","National Park",297400,1974
"526","PW","CA","REDW","Redwood National Park","National Park",368200,1975
"527","PW","CA","REDW","Redwood National Park","National Park",421700,1976
"528","PW","CA","REDW","Redwood National Park","National Park",477900,1977
"529","PW","CA","REDW","Redwood National Park","National Park",448012,1978
"530","PW","CA","REDW","Redwood National Park","National Park",413917,1979
"531","PW","CA","REDW","Redwood National Park","National Park",471710,1980
"532","PW","CA","REDW","Redwood National Park","National Park",549461,1981
"533","PW","CA","REDW","Redwood National Park","National Park",467126,1982
"534","PW","CA","REDW","Redwood National Park","National Park",473711,1983
"535","PW","CA","REDW","Redwood National Park","National Park",467155,1984
"536","PW","CA","REDW","Redwood National Park","National Park",505791,1985
"537","PW","CA","REDW","Redwood National Park","National Park",567849,1986
"538","PW","CA","REDW","Redwood National Park","National Park",610897,1987
"539","PW","CA","REDW","Redwood National Park","National Park",677135,1988
"540","PW","CA","REDW","Redwood National Park","National Park",654115,1989
"541","PW","CA","REDW","Redwood National Park","National Park",348458,1990
"542","PW","CA","REDW","Redwood National Park","National Park",366280,1991
"543","PW","CA","REDW","Redwood National Park","National Park",387781,1992
"544","PW","CA","REDW","Redwood National Park","National Park",421027,1993
"545","PW","CA","REDW","Redwood National Park","National Park",475033,1994
"546","PW","CA","REDW","Redwood National Park","National Park",552464,1995
"547","PW","CA","REDW","Redwood National Park","National Park",426938,1996
"548","PW","CA","REDW","Redwood National Park","National Park",382488,1997
"549","PW","CA","REDW","Redwood National Park","National Park",383188,1998
"550","PW","CA","REDW","Redwood National Park","National Park",369726,1999
"551","PW","CA","REDW","Redwood National Park","National Park",383253,2000
"552","PW","CA","REDW","Redwood National Park","National Park",388352,2001
"553","PW","CA","REDW","Redwood National Park","National Park",404789,2002
"554","PW","CA","REDW","Redwood National Park","National Park",408126,2003
"555","PW","CA","REDW","Redwood National Park","National Park",392029,2004
"556","PW","CA","REDW","Redwood National Park","National Park",394144,2005
"557","PW","CA","REDW","Redwood National Park","National Park",383780,2006
"558","PW","CA","REDW","Redwood National Park","National Park",385171,2007
"559","PW","CA","REDW","Redwood National Park","National Park",396899,2008
"560","PW","CA","REDW","Redwood National Park","National Park",444426,2009
"561","PW","CA","REDW","Redwood National Park","National Park",418820,2010
"562","PW","CA","REDW","Redwood National Park","National Park",380167,2011
"563","PW","CA","REDW","Redwood National Park","National Park",352517,2012
"564","PW","CA","REDW","Redwood National Park","National Park",393364,2013
"565","PW","CA","REDW","Redwood National Park","National Park",429166,2014
"566","PW","CA","REDW","Redwood National Park","National Park",527143,2015
"567","PW","CA","REDW","Redwood National Park","National Park",536297,2016
"568","PW","CA","SEQU","Sequoia National Park","National Park",700,1906
"569","PW","CA","SEQU","Sequoia National Park","National Park",900,1907
"570","PW","CA","SEQU","Sequoia National Park","National Park",1251,1908
"571","PW","CA","SEQU","Sequoia National Park","National Park",854,1909
"572","PW","CA","SEQU","Sequoia National Park","National Park",2407,1910
"573","PW","CA","SEQU","Sequoia National Park","National Park",3114,1911
"574","PW","CA","SEQU","Sequoia National Park","National Park",2923,1912
"575","PW","CA","SEQU","Sequoia National Park","National Park",3823,1913
"576","PW","CA","SEQU","Sequoia National Park","National Park",4667,1914
"577","PW","CA","SEQU","Sequoia National Park","National Park",7647,1915
"578","PW","CA","SEQU","Sequoia National Park","National Park",10780,1916
"579","PW","CA","SEQU","Sequoia National Park","National Park",18510,1917
"580","PW","CA","SEQU","Sequoia National Park","National Park",15001,1918
"581","PW","CA","SEQU","Sequoia National Park","National Park",30443,1919
"582","PW","CA","SEQU","Sequoia National Park","National Park",31508,1920
"583","PW","CA","SEQU","Sequoia National Park","National Park",28263,1921
"584","PW","CA","SEQU","Sequoia National Park","National Park",27514,1922
"585","PW","CA","SEQU","Sequoia National Park","National Park",30158,1923
"586","PW","CA","SEQU","Sequoia National Park","National Park",34468,1924
"587","PW","CA","SEQU","Sequoia National Park","National Park",46677,1925
"588","PW","CA","SEQU","Sequoia National Park","National Park",89404,1926
"589","PW","CA","SEQU","Sequoia National Park","National Park",100684,1927
"590","PW","CA","SEQU","Sequoia National Park","National Park",98035,1928
"591","PW","CA","SEQU","Sequoia National Park","National Park",111385,1929
"592","PW","CA","SEQU","Sequoia National Park","National Park",129221,1930
"593","PW","CA","SEQU","Sequoia National Park","National Park",143573,1931
"594","PW","CA","SEQU","Sequoia National Park","National Park",131398,1932
"595","PW","CA","SEQU","Sequoia National Park","National Park",126464,1933
"596","PW","CA","SEQU","Sequoia National Park","National Park",147533,1934
"597","PW","CA","SEQU","Sequoia National Park","National Park",205783,1935
"598","PW","CA","SEQU","Sequoia National Park","National Park",230714,1936
"599","PW","CA","SEQU","Sequoia National Park","National Park",243661,1937
"600","PW","CA","SEQU","Sequoia National Park","National Park",260139,1938
"601","PW","CA","SEQU","Sequoia National Park","National Park",275329,1939
"602","PW","CA","SEQU","Sequoia National Park","National Park",282198,1940
"603","PW","CA","SEQU","Sequoia National Park","National Park",302530,1941
"604","PW","CA","SEQU","Sequoia National Park","National Park",154880,1942
"605","PW","CA","SEQU","Sequoia National Park","National Park",62780,1943
"606","PW","CA","SEQU","Sequoia National Park","National Park",54600,1944
"607","PW","CA","SEQU","Sequoia National Park","National Park",137875,1945
"608","PW","CA","SEQU","Sequoia National Park","National Park",315365,1946
"609","PW","CA","SEQU","Sequoia National Park","National Park",373892,1947
"610","PW","CA","SEQU","Sequoia National Park","National Park",403968,1948
"611","PW","CA","SEQU","Sequoia National Park","National Park",367627,1949
"612","PW","CA","SEQU","Sequoia National Park","National Park",379218,1950
"613","PW","CA","SEQU","Sequoia National Park","National Park",452538,1951
"614","PW","CA","SEQU","Sequoia National Park","National Park",472062,1952
"615","PW","CA","SEQU","Sequoia National Park","National Park",501259,1953
"616","PW","CA","SEQU","Sequoia National Park","National Park",484700,1954
"617","PW","CA","SEQU","Sequoia National Park","National Park",518000,1955
"618","PW","CA","SEQU","Sequoia National Park","National Park",538100,1956
"619","PW","CA","SEQU","Sequoia National Park","National Park",535800,1957
"620","PW","CA","SEQU","Sequoia National Park","National Park",512200,1958
"621","PW","CA","SEQU","Sequoia National Park","National Park",547300,1959
"622","PW","CA","SEQU","Sequoia National Park","National Park",610800,1960
"623","PW","CA","SEQU","Sequoia National Park","National Park",610200,1961
"624","PW","CA","SEQU","Sequoia National Park","National Park",687400,1962
"625","PW","CA","SEQU","Sequoia National Park","National Park",631700,1963
"626","PW","CA","SEQU","Sequoia National Park","National Park",654100,1964
"627","PW","CA","SEQU","Sequoia National Park","National Park",877300,1965
"628","PW","CA","SEQU","Sequoia National Park","National Park",797800,1966
"629","PW","CA","SEQU","Sequoia National Park","National Park",746900,1967
"630","PW","CA","SEQU","Sequoia National Park","National Park",874300,1968
"631","PW","CA","SEQU","Sequoia National Park","National Park",919300,1969
"632","PW","CA","SEQU","Sequoia National Park","National Park",875700,1970
"633","PW","CA","SEQU","Sequoia National Park","National Park",878500,1971
"634","PW","CA","SEQU","Sequoia National Park","National Park",867051,1972
"635","PW","CA","SEQU","Sequoia National Park","National Park",845500,1973
"636","PW","CA","SEQU","Sequoia National Park","National Park",686600,1974
"637","PW","CA","SEQU","Sequoia National Park","National Park",957000,1975
"638","PW","CA","SEQU","Sequoia National Park","National Park",1040600,1976
"639","PW","CA","SEQU","Sequoia National Park","National Park",978200,1977
"640","PW","CA","SEQU","Sequoia National Park","National Park",973056,1978
"641","PW","CA","SEQU","Sequoia National Park","National Park",799576,1979
"642","PW","CA","SEQU","Sequoia National Park","National Park",862397,1980
"643","PW","CA","SEQU","Sequoia National Park","National Park",1083002,1981
"644","PW","CA","SEQU","Sequoia National Park","National Park",1020500,1982
"645","PW","CA","SEQU","Sequoia National Park","National Park",854233,1983
"646","PW","CA","SEQU","Sequoia National Park","National Park",979632,1984
"647","PW","CA","SEQU","Sequoia National Park","National Park",939468,1985
"648","PW","CA","SEQU","Sequoia National Park","National Park",1056527,1986
"649","PW","CA","SEQU","Sequoia National Park","National Park",1139389,1987
"650","PW","CA","SEQU","Sequoia National Park","National Park",1031129,1988
"651","PW","CA","SEQU","Sequoia National Park","National Park",1056020,1989
"652","PW","CA","SEQU","Sequoia National Park","National Park",1063538,1990
"653","PW","CA","SEQU","Sequoia National Park","National Park",1120278,1991
"654","PW","CA","SEQU","Sequoia National Park","National Park",961095,1992
"655","PW","CA","SEQU","Sequoia National Park","National Park",1066552,1993
"656","PW","CA","SEQU","Sequoia National Park","National Park",1034133,1994
"657","PW","CA","SEQU","Sequoia National Park","National Park",844582,1995
"658","PW","CA","SEQU","Sequoia National Park","National Park",838060,1996
"659","PW","CA","SEQU","Sequoia National Park","National Park",1008931,1997
"660","PW","CA","SEQU","Sequoia National Park","National Park",861303,1998
"661","PW","CA","SEQU","Sequoia National Park","National Park",873229,1999
"662","PW","CA","SEQU","Sequoia National Park","National Park",838947,2000
"663","PW","CA","SEQU","Sequoia National Park","National Park",870327,2001
"664","PW","CA","SEQU","Sequoia National Park","National Park",920292,2002
"665","PW","CA","SEQU","Sequoia National Park","National Park",979297,2003
"666","PW","CA","SEQU","Sequoia National Park","National Park",1000177,2004
"667","PW","CA","SEQU","Sequoia National Park","National Park",1004843,2005
"668","PW","CA","SEQU","Sequoia National Park","National Park",954507,2006
"669","PW","CA","SEQU","Sequoia National Park","National Park",979537,2007
"670","PW","CA","SEQU","Sequoia National Park","National Park",930011,2008
"671","PW","CA","SEQU","Sequoia National Park","National Park",965170,2009
"672","PW","CA","SEQU","Sequoia National Park","National Park",1002979,2010
"673","PW","CA","SEQU","Sequoia National Park","National Park",1006583,2011
"674","PW","CA","SEQU","Sequoia National Park","National Park",1106584,2012
"675","PW","CA","SEQU","Sequoia National Park","National Park",909274,2013
"676","PW","CA","SEQU","Sequoia National Park","National Park",1039137,2014
"677","PW","CA","SEQU","Sequoia National Park","National Park",1097464,2015
"678","PW","CA","SEQU","Sequoia National Park","National Park",1254688,2016
"679","PW","CA","YOSE","Yosemite National Park","National Park",5414,1906
"680","PW","CA","YOSE","Yosemite National Park","National Park",7102,1907
"681","PW","CA","YOSE","Yosemite National Park","National Park",8850,1908
"682","PW","CA","YOSE","Yosemite National Park","National Park",13182,1909
"683","PW","CA","YOSE","Yosemite National Park","National Park",13619,1910
"684","PW","CA","YOSE","Yosemite National Park","National Park",12530,1911
"685","PW","CA","YOSE","Yosemite National Park","National Park",10884,1912
"686","PW","CA","YOSE","Yosemite National Park","National Park",13735,1913
"687","PW","CA","YOSE","Yosemite National Park","National Park",15145,1914
"688","PW","CA","YOSE","Yosemite National Park","National Park",33452,1915
"689","PW","CA","YOSE","Yosemite National Park","National Park",33390,1916
"690","PW","CA","YOSE","Yosemite National Park","National Park",34510,1917
"691","PW","CA","YOSE","Yosemite National Park","National Park",33527,1918
"692","PW","CA","YOSE","Yosemite National Park","National Park",58362,1919
"693","PW","CA","YOSE","Yosemite National Park","National Park",68906,1920
"694","PW","CA","YOSE","Yosemite National Park","National Park",91513,1921
"695","PW","CA","YOSE","Yosemite National Park","National Park",100506,1922
"696","PW","CA","YOSE","Yosemite National Park","National Park",130046,1923
"697","PW","CA","YOSE","Yosemite National Park","National Park",105894,1924
"698","PW","CA","YOSE","Yosemite National Park","National Park",209166,1925
"699","PW","CA","YOSE","Yosemite National Park","National Park",274209,1926
"700","PW","CA","YOSE","Yosemite National Park","National Park",490430,1927
"701","PW","CA","YOSE","Yosemite National Park","National Park",460619,1928
"702","PW","CA","YOSE","Yosemite National Park","National Park",461257,1929
"703","PW","CA","YOSE","Yosemite National Park","National Park",458566,1930
"704","PW","CA","YOSE","Yosemite National Park","National Park",461855,1931
"705","PW","CA","YOSE","Yosemite National Park","National Park",498289,1932
"706","PW","CA","YOSE","Yosemite National Park","National Park",296088,1933
"707","PW","CA","YOSE","Yosemite National Park","National Park",309431,1934
"708","PW","CA","YOSE","Yosemite National Park","National Park",372317,1935
"709","PW","CA","YOSE","Yosemite National Park","National Park",431192,1936
"710","PW","CA","YOSE","Yosemite National Park","National Park",481492,1937
"711","PW","CA","YOSE","Yosemite National Park","National Park",443325,1938
"712","PW","CA","YOSE","Yosemite National Park","National Park",466552,1939
"713","PW","CA","YOSE","Yosemite National Park","National Park",506781,1940
"714","PW","CA","YOSE","Yosemite National Park","National Park",597863,1941
"715","PW","CA","YOSE","Yosemite National Park","National Park",319816,1942
"716","PW","CA","YOSE","Yosemite National Park","National Park",116682,1943
"717","PW","CA","YOSE","Yosemite National Park","National Park",120494,1944
"718","PW","CA","YOSE","Yosemite National Park","National Park",290569,1945
"719","PW","CA","YOSE","Yosemite National Park","National Park",640483,1946
"720","PW","CA","YOSE","Yosemite National Park","National Park",777622,1947
"721","PW","CA","YOSE","Yosemite National Park","National Park",745899,1948
"722","PW","CA","YOSE","Yosemite National Park","National Park",808372,1949
"723","PW","CA","YOSE","Yosemite National Park","National Park",820953,1950
"724","PW","CA","YOSE","Yosemite National Park","National Park",858405,1951
"725","PW","CA","YOSE","Yosemite National Park","National Park",973971,1952
"726","PW","CA","YOSE","Yosemite National Park","National Park",969225,1953
"727","PW","CA","YOSE","Yosemite National Park","National Park",1008000,1954
"728","PW","CA","YOSE","Yosemite National Park","National Park",984200,1955
"729","PW","CA","YOSE","Yosemite National Park","National Park",1114200,1956
"730","PW","CA","YOSE","Yosemite National Park","National Park",1138700,1957
"731","PW","CA","YOSE","Yosemite National Park","National Park",1139300,1958
"732","PW","CA","YOSE","Yosemite National Park","National Park",1061500,1959
"733","PW","CA","YOSE","Yosemite National Park","National Park",1150400,1960
"734","PW","CA","YOSE","Yosemite National Park","National Park",1227100,1961
"735","PW","CA","YOSE","Yosemite National Park","National Park",1505500,1962
"736","PW","CA","YOSE","Yosemite National Park","National Park",1473400,1963
"737","PW","CA","YOSE","Yosemite National Park","National Park",1547000,1964
"738","PW","CA","YOSE","Yosemite National Park","National Park",1635400,1965
"739","PW","CA","YOSE","Yosemite National Park","National Park",1817100,1966
"740","PW","CA","YOSE","Yosemite National Park","National Park",2238300,1967
"741","PW","CA","YOSE","Yosemite National Park","National Park",2281100,1968
"742","PW","CA","YOSE","Yosemite National Park","National Park",2291300,1969
"743","PW","CA","YOSE","Yosemite National Park","National Park",2277200,1970
"744","PW","CA","YOSE","Yosemite National Park","National Park",2342200,1971
"745","PW","CA","YOSE","Yosemite National Park","National Park",2190301,1972
"746","PW","CA","YOSE","Yosemite National Park","National Park",2254300,1973
"747","PW","CA","YOSE","Yosemite National Park","National Park",2274600,1974
"748","PW","CA","YOSE","Yosemite National Park","National Park",2537400,1975
"749","PW","CA","YOSE","Yosemite National Park","National Park",2682400,1976
"750","PW","CA","YOSE","Yosemite National Park","National Park",2392600,1977
"751","PW","CA","YOSE","Yosemite National Park","National Park",2569268,1978
"752","PW","CA","YOSE","Yosemite National Park","National Park",2350782,1979
"753","PW","CA","YOSE","Yosemite National Park","National Park",2490282,1980
"754","PW","CA","YOSE","Yosemite National Park","National Park",2516893,1981
"755","PW","CA","YOSE","Yosemite National Park","National Park",2415587,1982
"756","PW","CA","YOSE","Yosemite National Park","National Park",2457464,1983
"757","PW","CA","YOSE","Yosemite National Park","National Park",2738467,1984
"758","PW","CA","YOSE","Yosemite National Park","National Park",2831952,1985
"759","PW","CA","YOSE","Yosemite National Park","National Park",2876717,1986
"760","PW","CA","YOSE","Yosemite National Park","National Park",3152275,1987
"761","PW","CA","YOSE","Yosemite National Park","National Park",3216681,1988
"762","PW","CA","YOSE","Yosemite National Park","National Park",3308159,1989
"763","PW","CA","YOSE","Yosemite National Park","National Park",3124939,1990
"764","PW","CA","YOSE","Yosemite National Park","National Park",3423101,1991
"765","PW","CA","YOSE","Yosemite National Park","National Park",3819518,1992
"766","PW","CA","YOSE","Yosemite National Park","National Park",3839645,1993
"767","PW","CA","YOSE","Yosemite National Park","National Park",3962117,1994
"768","PW","CA","YOSE","Yosemite National Park","National Park",3958406,1995
"769","PW","CA","YOSE","Yosemite National Park","National Park",4046207,1996
"770","PW","CA","YOSE","Yosemite National Park","National Park",3669970,1997
"771","PW","CA","YOSE","Yosemite National Park","National Park",3657132,1998
"772","PW","CA","YOSE","Yosemite National Park","National Park",3493607,1999
"773","PW","CA","YOSE","Yosemite National Park","National Park",3400903,2000
"774","PW","CA","YOSE","Yosemite National Park","National Park",3368731,2001
"775","PW","CA","YOSE","Yosemite National Park","National Park",3361867,2002
"776","PW","CA","YOSE","Yosemite National Park","National Park",3378664,2003
"777","PW","CA","YOSE","Yosemite National Park","National Park",3280911,2004
"778","PW","CA","YOSE","Yosemite National Park","National Park",3304144,2005
"779","PW","CA","YOSE","Yosemite National Park","National Park",3242644,2006
"780","PW","CA","YOSE","Yosemite National Park","National Park",3503428,2007
"781","PW","CA","YOSE","Yosemite National Park","National Park",3431514,2008
"782","PW","CA","YOSE","Yosemite National Park","National Park",3737472,2009
"783","PW","CA","YOSE","Yosemite National Park","National Park",3901408,2010
"784","PW","CA","YOSE","Yosemite National Park","National Park",3951393,2011
"785","PW","CA","YOSE","Yosemite National Park","National Park",3853404,2012
"786","PW","CA","YOSE","Yosemite National Park","National Park",3691191,2013
"787","PW","CA","YOSE","Yosemite National Park","National Park",3882642,2014
"788","PW","CA","YOSE","Yosemite National Park","National Park",4150217,2015
"789","PW","CA","YOSE","Yosemite National Park","National Park",5028868,2016
